Task name,URL,username,password,response,AttackIP,time
testfire,https://demo.testfire.net/login.jsp,ummachan,randompass,Fail,217.165.121.252,2023-05-29 08:06:43.281313
testfire,https://demo.testfire.net/login.jsp,tom,randompass,Fail,217.165.121.252,2023-05-29 08:06:45.333757
testfire,https://demo.testfire.net/login.jsp,vishnu,randompass,Fail,217.165.121.252,2023-05-29 08:06:45.539475
testfire,https://demo.testfire.net/login.jsp,pruthui,randompass,Fail,217.165.121.252,2023-05-29 08:06:45.541507
testfire,https://demo.testfire.net/login.jsp,rajesh,randompass,Fail,217.165.121.252,2023-05-29 08:06:45.587980
testfire,https://demo.testfire.net/login.jsp,hari,randompass,Fail,217.165.121.252,2023-05-29 08:06:50.616144
testfire,https://demo.testfire.net/login.jsp,shetty,randompass,Fail,217.165.121.252,2023-05-29 08:06:52.561291
testfire,https://demo.testfire.net/login.jsp,fahad,randompass,Fail,217.165.121.252,2023-05-29 08:06:53.064145
testfire,https://demo.testfire.net/login.jsp,deepu,randompass,Fail,217.165.121.252,2023-05-29 08:06:53.076348
testfire,https://demo.testfire.net/login.jsp,admin,randompass,Fail,217.165.121.252,2023-05-29 08:06:54.682587
testfire,https://demo.testfire.net/login.jsp,ummachan,thiswontwork,Fail,217.165.121.252,2023-05-29 08:07:05.785252
testfire,https://demo.testfire.net/login.jsp,pruthui,thiswontwork,Fail,217.165.121.252,2023-05-29 08:07:05.797712
testfire,https://demo.testfire.net/login.jsp,rajesh,thiswontwork,Fail,217.165.121.252,2023-05-29 08:07:05.840670
testfire,https://demo.testfire.net/login.jsp,tom,thiswontwork,Fail,217.165.121.252,2023-05-29 08:07:05.884096
testfire,https://demo.testfire.net/login.jsp,vishnu,thiswontwork,Fail,217.165.121.252,2023-05-29 08:07:06.063236
testfire,https://demo.testfire.net/login.jsp,hari,thiswontwork,Fail,217.165.121.252,2023-05-29 08:07:13.073753
testfire,https://demo.testfire.net/login.jsp,shetty,thiswontwork,Fail,217.165.121.252,2023-05-29 08:07:13.192733
testfire,https://demo.testfire.net/login.jsp,deepu,thiswontwork,Fail,217.165.121.252,2023-05-29 08:07:13.528994
testfire,https://demo.testfire.net/login.jsp,fahad,thiswontwork,Fail,217.165.121.252,2023-05-29 08:07:13.529741
testfire,https://demo.testfire.net/login.jsp,admin,thiswontwork,Fail,217.165.121.252,2023-05-29 08:07:15.008518
testfire,https://demo.testfire.net/login.jsp,ummachan,notthisone,Fail,217.165.121.252,2023-05-29 08:07:26.921512
testfire,https://demo.testfire.net/login.jsp,rajesh,notthisone,Fail,217.165.121.252,2023-05-29 08:07:26.922832
testfire,https://demo.testfire.net/login.jsp,tom,notthisone,Fail,217.165.121.252,2023-05-29 08:07:26.976717
testfire,https://demo.testfire.net/login.jsp,pruthui,notthisone,Fail,217.165.121.252,2023-05-29 08:07:26.994049
testfire,https://demo.testfire.net/login.jsp,vishnu,notthisone,Fail,217.165.121.252,2023-05-29 08:07:27.579533
testfire,https://demo.testfire.net/login.jsp,deepu,notthisone,Fail,217.165.121.252,2023-05-29 08:07:40.149152
testfire,https://demo.testfire.net/login.jsp,fahad,notthisone,Fail,217.165.121.252,2023-05-29 08:07:40.442784
testfire,https://demo.testfire.net/login.jsp,hari,notthisone,Fail,217.165.121.252,2023-05-29 08:07:40.468289
testfire,https://demo.testfire.net/login.jsp,admin,notthisone,Fail,217.165.121.252,2023-05-29 08:07:40.606751
testfire,https://demo.testfire.net/login.jsp,shetty,notthisone,Fail,217.165.121.252,2023-05-29 08:07:40.688287
testfire,https://demo.testfire.net/login.jsp,pruthui,admin,Fail,217.165.121.252,2023-05-29 08:07:52.818317
testfire,https://demo.testfire.net/login.jsp,vishnu,admin,Fail,217.165.121.252,2023-05-29 08:07:52.969915
testfire,https://demo.testfire.net/login.jsp,rajesh,admin,Fail,217.165.121.252,2023-05-29 08:07:53.179767
testfire,https://demo.testfire.net/login.jsp,tom,admin,Fail,217.165.121.252,2023-05-29 08:07:53.308480
testfire,https://demo.testfire.net/login.jsp,ummachan,admin,Fail,217.165.121.252,2023-05-29 08:07:53.723426
testfire,https://demo.testfire.net/login.jsp,shetty,admin,Fail,217.165.121.252,2023-05-29 08:08:01.223981
testfire,https://demo.testfire.net/login.jsp,hari,admin,Fail,217.165.121.252,2023-05-29 08:08:01.225820
testfire,https://demo.testfire.net/login.jsp,admin,admin,Success,217.165.121.252,2023-05-29 08:08:12.033356
localsmb,192.168.17.241,DPW-HO-TEMP-043\test,wrongpass,STATUS_LOGON_FAILURE,217.165.121.252,2023-05-29 08:08:17.636791
localsmb,192.168.17.241,DPW-HO-TEMP-043\thisuserdoesntexist,wrongpass,STATUS_LOGON_FAILURE,217.165.121.252,2023-05-29 08:08:17.637072
localsmb,192.168.17.241,DPW-HO-TEMP-043\thisuserdoesntexist,randompass,STATUS_LOGON_FAILURE,217.165.121.252,2023-05-29 08:08:21.109413
localsmb,192.168.17.241,DPW-HO-TEMP-043\test,randompass,STATUS_LOGON_FAILURE,217.165.121.252,2023-05-29 08:08:21.134440
finish
